0;Diana;Hendrix;40944367259;717
1;Antho;Gilmore;41450591109;943
2;Peggy;Jordan;55140419265;790
3;Mary ;Holmes;69950639848;101
4;Shann;Juarez;80977997880;886
5;Emily;Dixon;54761972079;466
6;Benja;Stein;31536684887;18
7;Chris;Burnett;92821681673;978
8;Taylo;Nichols;66765166589;430
9;Dean ;Compton;65451175459;270
10;Dr. S;Sweeney;93049533589;606
11;Sara ;Franks;20116499827;16
12;Eliza;Grimes;33169409074;109
13;Shelb;Barker;96060883939;276
14;Jill ;Henry;47714526040;813
15;Colle;Bonner;51002013063;903
16;Brook;Hughes;87322361386;274
17;Micha;Ross;75008775749;466
18;Jason;Mathis;10188285424;89
19;Nancy;Powers;24575541172;752
20;Maris;Hodges;83417405179;725
21;Dakot;Bennett;97963051743;782
22;Antho;Little;91844135289;576
23;Alexa;Shields;49099773743;869
24;Edwar;Velez;91750028394;296
25;Alexa;Douglas;83835339966;360
26;Clare;Willis;34109973421;570
27;Jodi ;Owen;30111034391;8
28;Steph;Sims;36763338975;176
29;Carly;Flores;90678012165;971
30;Austi;Le;56213581836;652
31;Alec ;Spencer;48647004749;596
32;Sarah;Yates;30845428688;744
33;James;Prince;58558657223;73
34;Micha;Bruce;21043691161;659
35;Angel;Carrillo;98518957168;866
36;Jamie;Jackson;59129931704;496
37;Carol;Prince;56950260863;991
38;Mary ;Randall;66635998026;530
39;Tina ;Juarez;28801426294;252
40;Angie;Schultz;29300804307;287
41;Heidi;Ramsey;17776357035;379
42;Chris;Calderon;88094315329;996
43;Lisa ;Mccormick;55921706704;932
44;David;Reynolds;33898922884;220
45;Chris;Mueller;33855781116;70
46;Kylie;Sanford;74859884799;23
47;Cynth;Mcgee;23969697156;29
48;Glori;Greer;53961980263;719
49;Nancy;Banks;11742498246;606
50;Cynth;Cameron;13442050633;884
51;Brand;Meyers;93706406596;125
52;Jenni;Bailey;88508426101;14
53;Domin;Mathews;33130756556;794
54;David;Franco;81674528102;959
55;Amber;Waters;97656930324;756
56;Seth ;Roberts;77007012741;256
57;Suzan;Shaw;58401182422;785
58;Brian;Jordan;36225235859;678
59;Nicol;Medina;35409334812;416
60;Miche;Larsen;33615302111;224
61;Micha;Crane;64133578116;987
62;Brand;Greer;78886888737;869
63;Ms. M;Bernard;14258815699;479
64;Patri;Skinner;20136898051;275
65;Angel;Russo;77894413701;644
66;Valer;Simon;91707440651;821
67;Greg ;Murray;29608964123;551
68;David;Neal;78549668378;425
69;Steve;Johnson;59105511261;822
70;Cathe;Bass;97261441413;392
71;Tara ;Salas;93784628127;830
72;Phill;Hendrix;50672307797;1000
73;Kenne;Mendez;92948177816;491
74;Troy ;Doyle;38577815943;580
75;Natha;Bond;53788352263;512
76;Joann;Merritt;32130336348;792
77;Erin ;Lowery;79935016128;672
78;Kayla;Lester;30926381740;756
79;John ;Harding;64300608057;255
80;Josep;Barber;92312065779;84
81;Juan ;Gonzales;92556881475;632
82;Steph;Ball;76872415742;115
83;Prisc;Hill;49026280983;901
84;Natha;Prince;47606372652;235
85;Nicol;Finley;73736312014;621
86;Thoma;Duffy;84395400608;665
87;Tracy;Gill;51544926324;76
88;Colle;Morton;71717252845;25
89;Marga;Juarez;66220718525;419
90;Heath;Joyner;33745916504;545
91;David;Mcclure;60027169292;990
92;Alexa;Griffith;12592725187;318
93;Joshu;Tillman;37514730541;73
94;Dr. J;Hahn;36221707418;144
95;Allen;Puckett;41406425118;488
96;Ana D;Justice;22987323125;192
97;Kathr;Waller;24489482050;773
98;Mark ;Mckee;64275443133;786
99;Steph;Underwood;20473759700;914
100;Lauri;Melton;54284858820;395
101;Brian;Wong;90982089574;993
102;Evan ;Hendrix;30157426267;680
103;Danie;Best;88623653198;220
104;Mr. D;Cross;40304113565;59
105;Sara ;Glenn;56064051859;736
106;Cryst;Mccray;40150860942;896
107;Steve;Blackwell;41569205092;231
108;Brean;Greer;12296098785;225
109;Antho;Rivas;93609224984;773
110;Mary ;Leblanc;16416734837;123
111;Ann H;Simpson;51137775652;245
112;Derri;Gay;46647343171;943
113;Cynth;Middleton;38544678539;816
114;Jenni;Church;38549788446;441
115;Steph;Hopkins;83218296565;597
116;Katri;Crane;89099080604;908
117;Karen;Nixon;64064474108;920
118;Troy ;Burton;40329830745;491
119;Cory ;Vincent;30568788657;551
120;Emma ;Delaney;38508392811;810
121;Tiffa;Small;68634545558;182
122;Gene ;Bean;84190657015;320
123;Jesse;Curtis;35621084200;931
124;Rober;Mcpherson;63113481186;261
125;Bradl;Hebert;85299123504;7
126;Denni;Ward;77082172893;131
127;Jacob;Roman;50135227635;416
128;Jasmi;Barr;38826646603;223
129;John ;Hall;34694790812;896
130;Kathl;Guthrie;19523069692;954
131;Keith;Martinez;35856277317;437
132;Janic;Hurst;66953376905;482
133;Matth;Contreras;98778651547;228
134;Russe;Sellers;46488827158;540
135;Tammy;Christensen;52216765746;561
136;Vanes;Peck;27884758239;788
137;Danie;Bailey;34280816064;537
138;Mark ;Hamilton;27580491993;855
139;Peggy;Carson;40923843370;360
140;Victo;Stuart;69109330852;756
141;Terry;Shepard;12046213599;854
142;Zacha;Fleming;59850439161;584
143;Terri;Velez;11835098183;105
144;Rebec;Joyce;92204235939;965
145;Marcu;Vance;25590918937;338
146;Conno;Hartman;37893334736;429
147;Victo;Coleman;75956077524;387
148;Donna;Mays;46094658230;782
149;Taylo;Erickson;28599459576;573
150;Phili;Fowler;67680792938;548
151;Keith;Bass;85593241924;713
152;Alan ;Hardin;80036199390;242
153;Chris;Tran;60410844866;510
154;Taylo;Kirkland;64047849850;639
155;Jessi;Finch;43374666440;92
156;Eric ;Rios;57628225459;160
157;Patri;Gilbert;19167815110;526
158;Micha;Frost;16410129192;673
159;Matth;Webb;75647054763;975
160;Ruth ;Sheppard;30021784528;650
161;Jason;Richard;33858621984;320
162;Chris;Farley;26920879314;154
163;Tanya;Howard;92228584426;149
164;Eliza;Randolph;27183814934;781
165;Pamel;Anthony;50816707122;403
166;Ashle;Cunningham;86595626559;23
167;Kayla;Chase;45658634666;291
168;Micha;Calhoun;13909030408;995
169;Mr. B;Alford;68233943302;203
170;Vanes;Castillo;49950068612;492
171;Brend;Flowers;60963299254;119
172;Miche;Lambert;55442738731;557
173;Sherr;Luna;67223194923;153
174;Kayla;Dudley;75781928539;693
175;Cody ;Medina;91667827607;527
176;Gina ;Cox;58728018537;568
177;Eric ;Hobbs;50786545934;900
178;Rober;Berg;99271788466;861
179;James;Chang;48801834478;460
180;Larry;Clarke;17324056308;583
181;Janet;Long;37193190197;386
182;Natha;Robertson;25654783970;99
183;Mary ;Burgess;17012836997;273
184;Jon W;Montoya;68205902842;884
185;Edwar;Duffy;26036464455;157
186;Lacey;Mendez;50510133413;667
187;Jessi;Brown;98040744196;308
188;Rache;Nicholson;25622619888;271
189;Andre;Swanson;67866064291;413
190;Alexa;Barnett;49009220808;975
191;James;Lara;10301742649;522
192;Micha;Guzman;42563319859;230
193;Laure;Levy;66054426108;384
194;Steph;Bass;69176006417;446
195;Sonya;Guerra;24638659646;920
196;James;Lindsey;31923004043;232
197;Jorda;Velazquez;89713339608;189
198;Chris;Lane;65071036035;34
199;Steph;Le;94262652386;339
200;Maria;Schwartz;11798205162;461
201;Chris;Saunders;65190331949;697
202;Matth;Sanchez;20774859498;72
203;Lisa ;Bright;43463799657;873
204;Jacqu;Golden;82834751710;968
205;Sara ;Torres;24220838126;152
206;Adam ;Swanson;30501356059;685
207;April;Ellison;94202881353;58
208;Chery;Wolfe;42503637406;76
209;Melan;Rosales;17352803428;244
210;Mr. R;White;88329273003;382
211;Laura;Baird;56490650526;99
212;Paige;Berger;17527103574;186
213;Randy;Garrison;26486358116;728
214;Jeffr;Walsh;23644496573;524
215;Andre;Sanchez;33270013469;773
216;Luke ;Irwin;70337595899;95
217;Tony ;Kirby;66229482861;986
218;Ruben;Wiggins;45233716928;110
219;Timot;Pittman;55600192851;529
220;Haile;Mcguire;43753916480;44
221;Tami ;Pugh;53751738737;380
222;Linds;Watson;19859129829;863
223;Alan ;Hunt;12177520653;235
224;Curti;Grant;69706535976;693
225;Steve;Schneider;25708687210;708
226;Scott;Luna;72957776285;485
227;Gavin;Blanchard;88641538851;985
228;Benja;Pruitt;44125259436;337
229;Krist;Golden;19755419321;310
230;Danie;Thomas;47690281394;589
231;David;Thomas;71499981202;193
232;Brook;Crawford;42754944215;426
233;Micha;Carroll;26257666560;480
234;Amand;Pearson;88621625021;170
235;Brand;Goff;57310630262;42
236;Penny;Haley;12871569580;935
237;Lesli;Flowers;32761503128;603
238;Antho;Pickett;78463493664;160
239;Laura;Irwin;90842848710;264
240;Conni;Flowers;31386522713;195
241;Chris;Murphy;28752162315;578
242;Miche;Schneider;43146057057;650
243;Chris;Clarke;29660165338;496
244;Shann;Everett;40320115305;799
245;Julie;Boyd;73885161112;148
246;Alexa;Sandoval;98252094376;551
247;Cathe;Weaver;57210408575;480
248;Nicho;Wells;40779389552;40
249;Jonat;Brock;34816542586;896
250;Felic;Baldwin;27030163676;140
251;Nicho;Kidd;27544637448;49
252;Megan;Boyle;74796971029;72
253;Scott;Gamble;79545631315;504
254;Janic;Olsen;45351126594;519
255;Rober;Chambers;28369314206;99
256;James;Pierce;33039526870;835
257;Mary ;Casey;69194398536;626
258;Felic;Bowman;66987703425;38
259;Alexa;Kirby;54586293214;508
260;John ;Hinton;34207183067;739
261;Ashle;Sandoval;95613944834;779
262;Timot;Henderson;18472768636;786
263;Krist;Morgan;27138767050;411
264;Andre;Watkins;29674357749;261
265;Dusti;Maddox;30783023441;45
266;Timot;Beck;95476420677;620
267;Cliff;Buchanan;67532219110;856
268;Thoma;Joyner;67189294896;794
269;Debor;Gilliam;16795234164;641
270;Andre;Mcclain;93491584141;314
271;Rache;Snyder;84308213215;270
272;Joel ;Lowery;53226994450;376
273;Kimbe;Hoffman;19366963471;341
274;Dr. M;Rhodes;38799080023;656
275;Shell;Richardson;15681564749;401
276;Dr. D;Ortega;99600082297;881
277;John ;Ryan;45745970809;420
278;Shann;Shaffer;69673826915;399
279;Hecto;Sharp;14150174116;795
280;Brian;Rowe;71991661441;105
281;Thoma;Levine;12379645924;464
282;Kevin;House;60806676095;778
283;Veron;Pittman;35966268351;787
284;Jessi;Patrick;29263743930;981
285;Kelly;Watson;68604243242;89
286;John ;Cochran;58371504180;956
287;Desti;Alford;93174128137;438
288;Tracy;Oneal;71485767341;86
289;Miche;Lester;99688159298;988
290;Miche;Nixon;92347436818;29
291;Jenni;Hines;86620327250;674
292;Amand;Boyd;11584883417;282
293;Jerem;Dawson;19260260429;677
294;Ashle;Carey;58605147410;518
295;Brian;Burch;43964986228;819
296;Eric ;Sharpe;43588702217;113
297;Erica;Vargas;16881304147;802
298;Andre;Duran;95382924218;913
299;Gary ;Mcmillan;49457820214;421
300;Richa;Chapman;84088776784;365
301;Kimbe;Joyce;38320635283;994
302;Barba;Grant;20397747579;746
303;Phill;Holder;51755821333;319
304;Kathy;White;39731521569;364
305;Sarah;Carey;33783071735;957
306;Dougl;Lawrence;64070350895;411
307;Cryst;Hull;19829102606;312
308;Zoe S;Davis;98989326852;653
309;Blake;Compton;89627202455;690
310;Matth;Larson;89796643611;894
311;Samue;Rosales;93083113268;479
312;Samue;Camacho;86168822766;448
313;Shell;Johnston;48966446775;669
314;Katie;Potts;83600379241;417
315;Jorda;Norman;28888504841;657
316;Brand;Day;21658776810;225
317;Heath;Sykes;73052311573;680
318;Shann;Watson;17666236286;641
319;Chris;Rush;83206438736;982
320;Marcu;Fernandez;16355965748;764
321;Corey;Underwood;51534897715;475
322;Jason;Fletcher;64638448050;871
323;Marga;Shields;99979146489;22
324;Miche;Gilmore;50674367261;454
325;Donal;Chandler;30235861000;573
326;Erica;Sweeney;71164730906;576
327;Tabit;Swanson;43737807747;446
328;Dr. N;Kemp;88601313988;591
329;Megha;Shelton;95765175804;432
330;Paul ;Blackburn;82285744364;429
331;Brend;Torres;74604351517;693
332;Bobby;Barlow;48987937735;573
333;Kelly;Rollins;14432842089;306
334;Sergi;Salinas;98471038946;978
335;Miche;Vang;84562826316;205
336;Natal;Ford;63835282770;576
337;Miche;Cohen;42149403908;6
338;Bryan;Torres;60242924215;413
339;Amber;Hubbard;38536620810;668
340;Jerem;Brady;79653590987;584
341;Danny;Livingston;93345446002;672
342;Timot;Howe;13649111721;699
343;Juan ;Russo;81383504207;263
344;Melis;Britt;50758407860;106
345;Jessi;Rich;74317514319;424
346;Danie;Thornton;19539167879;375
347;Ana P;Juarez;39046992067;381
348;Alici;Marquez;71733261602;711
349;Sheil;Horn;68986814663;65
350;Erin ;Lara;34305761672;236
351;Thoma;Butler;16949035696;78
352;Saman;Dodson;21898045790;480
353;Aliso;Alvarado;96134829783;157
354;Ernes;Frank;54464968596;404
355;Heath;Dickson;60780963119;935
356;Brent;Guzman;14650663560;978
357;Micha;Beck;31994582480;192
358;Brett;Ryan;30414339603;126
359;Miche;Franklin;50908493827;997
360;Heath;Lowe;49040987752;157
361;Barba;Robinson;68615103828;865
362;Megan;Stein;13246474913;212
363;Matth;Wooten;55275382503;384
364;Rober;Pittman;14343485485;61
365;Tiffa;Carney;62216445978;659
366;Ralph;Nielsen;50517018433;445
367;Vicki;Wade;14300509786;712
368;Sabri;Rogers;94837053963;43
369;Steph;Jones;63857913900;347
370;Adria;Garrett;83556484203;474
371;Natha;Conley;70263925848;960
372;Pamel;Hurley;85449904406;662
373;Kathe;Yang;52869431632;831
374;Kevin;Hansen;29473916300;322
375;Edwar;Moore;92735574147;986
376;Julie;Short;91846111942;40
377;David;Russo;39982380674;998
378;James;Kent;15909236215;712
379;Tracy;Avery;34473352369;504
380;Matth;Farrell;25448373666;333
381;Rhond;Strong;49469464828;698
382;Eric ;Hess;11513498767;118
383;Nicol;Potts;14001103217;931
384;Lori ;Morales;25754582187;357
385;Levi ;Woodward;59107206799;79
386;Chris;Zimmerman;92816839558;181
387;Sandr;Austin;86792042039;257
388;Shawn;Dunlap;91100201125;112
389;Jason;Carter;76707571267;910
390;Court;Combs;74638450300;933
391;Jenni;Cain;16509013121;116
392;Patri;Harvey;36725991889;888
393;Howar;Neal;43218014433;197
394;Marie;Willis;19537207547;911
395;Conni;Gates;86325672496;950
396;Micha;Cooley;46388486060;340
397;Amand;Blackburn;89643411747;799
398;Saman;Walton;75785483739;123
399;Kevin;Jackson;18236047054;606
400;Jessi;Warner;27534859123;138
401;Miche;Petty;38166340863;687
402;Adrie;Short;24053987717;963
403;Jason;Perry;56183114040;467
404;Ashle;Lucas;47014377149;870
405;Jessi;Sellers;64316684288;632
406;Stace;Bridges;28916621268;378
407;Saman;Boyd;91549385666;959
408;Tina ;Ortega;57643106870;914
409;Antho;Dejesus;24358310305;66
410;Corey;Brennan;99085448698;201
411;Natas;Briggs;82192122296;188
412;Jessi;West;74514217076;398
413;Grego;Mclaughlin;52952592829;989
414;Jacob;Wright;17815933237;763
415;Robin;Slater;87599202905;878
416;Summe;Trevino;39012099547;704
417;Heath;Moreno;75359804822;475
418;Amand;Davidson;21328937025;721
419;Mary ;Lancaster;31751343228;643
420;Kathl;Pratt;56439820066;721
421;Danie;Wagner;83435809028;101
422;Rober;Gonzalez;75667667771;558
423;Jessi;Finch;53992358438;494
424;Rober;Mcclain;35304503065;288
425;Maria;Church;45568575988;83
426;Matth;Kent;19662553764;24
427;Rose ;Hill;43056561215;937
428;Cryst;Cohen;49091984230;714
429;Dr. C;Elliott;42254038165;547
430;Barba;Blanchard;26041048641;686
431;Danie;Sears;74009186919;63
432;Maria;Bates;63361099325;606
433;John ;Hines;84765132146;460
434;Richa;Odom;95624546348;175
435;Debbi;Hebert;77635415031;137
436;Eric ;Salinas;78092221226;209
437;Erika;Gregory;57937525097;863
438;Adria;Tanner;93524635405;990
439;Maria;Golden;23960395215;988
440;Craig;Carlson;11983464904;912
441;Carri;Mullen;87185891770;191
442;Jenni;Carson;19384226415;403
443;Kevin;York;45785956666;957
444;Kelly;Hood;73853450067;436
445;Sean ;Schmidt;43413986551;270
446;Dr. K;Gilbert;97457952480;228
447;Donal;Noel;71952151257;946
448;Jorda;Cooley;90138501590;440
449;Antho;Holland;63163399309;949
450;Thoma;Haynes;27788799831;293
451;Danie;Walls;23569081010;453
452;Kim C;Dixon;53707544694;573
453;Heath;Weiss;38235833380;589
454;Taylo;Walls;57729764069;93
455;Patri;Leonard;46118950458;554
456;Shann;Fitzgerald;83970259088;181
457;Mauri;Goodman;42778088161;926
458;Eric ;Sweet;86661410777;872
459;Dougl;Ryan;17997903142;925
460;Whitn;Molina;27416361135;487
461;Walte;Harrington;18229971104;791
462;Debor;Levy;59310029828;235
463;Kendr;Burns;25742859260;568
464;Krist;Fowler;90655915168;308
465;Lori ;Roberts;91483544842;152
466;Natha;Bernard;24706628517;689
467;Natha;Alford;79488859374;977
468;Debor;Kaufman;97923011501;291
469;Eric ;Weber;18343146694;458
470;Timot;Stephenson;87710450687;665
471;Pamel;Cooley;94343831637;949
472;Natal;Berg;81778696280;299
473;Mrs. ;Gilliam;19106390859;365
474;James;Bishop;84914809159;677
475;Angel;Mccall;49090097877;268
476;Matth;Drake;57772246335;80
477;Brand;Downs;86359990626;975
478;Chels;Ball;75200852886;935
479;Bobby;Salazar;81731801722;564
480;Dougl;Galloway;83332794389;131
481;Rebec;Russo;86326540675;244
482;David;Booker;24841546600;391
483;Kerry;Donovan;62415881772;114
484;Barba;Evans;25755518994;889
485;Joshu;Gould;56654300098;534
486;Thoma;Irwin;46551848838;256
487;Victo;Arnold;20342486990;226
488;James;Wilder;30162599372;780
489;Nicho;Hines;12988567602;369
490;Sandr;Wooten;57832013637;471
491;David;Fields;54561232450;81
492;Aliso;Reyes;51803432168;154
493;Ellen;Pugh;60358160236;142
494;Sharo;Perez;86645990184;28
495;Rober;Johnston;29464818668;971
496;Gabri;Walter;99683446658;158
497;James;Lott;90868141416;956
498;Regin;Fitzgerald;12556409681;817
499;Lisa ;Allison;10360836850;434
500;Shawn;Reed;56783628758;325
501;Mr. J;Patton;81113646592;588
502;James;England;91869451827;500
503;James;Pugh;19947040678;476
504;Katri;Hayden;19648175476;597
505;Mr. T;Hobbs;30465047835;486
506;Cassi;Salas;32130629581;153
507;Benja;Ellis;88834963678;230
508;Julie;Holman;37375961671;350
509;Laura;Morrison;92093195066;492
510;Joyce;Duffy;97631562393;776
511;Adam ;Pacheco;27329351900;1
512;Wendy;Christian;74783004710;729
513;Larry;Lucas;16392149267;530
514;Adam ;Browning;77616513593;267
515;Caitl;Foster;54254538532;805
516;Krist;Garcia;37924375923;462
517;Kathl;Jefferson;42603920290;338
518;Dillo;Ware;80143451981;723
519;Jenni;Wilkinson;72791011379;160
520;Pamel;Sears;18059205762;947
521;Chris;Schneider;17834674980;658
522;Walte;Palmer;42485650119;340
523;Saman;Guy;36759984865;602
524;Justi;Hardin;10239930027;431
525;Chris;Cain;13844957519;67
526;Eliza;Willis;30943797292;435
527;Britt;Hardy;39155847583;193
528;Rober;Kemp;89656104795;336
529;Jeann;Finch;64662911038;55
530;Jose ;Bryant;71220737836;461
531;There;Cook;34567526985;349
532;Shann;Sears;23299124169;822
533;Tammy;Love;71171194684;858
534;Kelly;Beck;18648166969;453
535;Patri;Albert;41775035491;179
536;Kathe;Moon;96659912270;703
537;Donna;Montoya;66030243247;848
538;Krist;Stevenson;95524182653;824
539;James;Sargent;92605452397;680
540;Kayla;Franklin;20600823895;998
541;Angel;Holden;41940659264;527
542;Amber;Zamora;16813905295;455
543;James;Michael;97945379362;281
544;Matth;Spence;75067975062;506
545;Thoma;Young;27592095804;888
546;Tina ;Mcbride;36931460257;887
547;Tara ;Hill;86125529787;593
548;Keith;Hogan;75554610459;907
549;Patri;Franco;15758398491;409
550;Jenni;Olsen;58506427230;859
551;Barba;Barr;90306257148;733
552;Richa;Pearson;53167356358;688
553;Jean ;Fuentes;91486836006;406
554;Raymo;Jensen;54485889363;815
555;Phill;Howe;76323103819;839
556;Jason;Flynn;69366449172;861
557;Richa;Lawrence;89097410114;641
558;Jake ;Williams;20605901085;212
559;Jenni;Marshall;96223669162;221
560;Brian;Fletcher;11689974718;868
561;Micha;Gamble;74578179912;720
562;Mary ;Clarke;65460364350;433
563;Sharo;Rasmussen;77851477785;548
564;Joel ;Rosario;86817695785;968
565;Jesus;Ruiz;62428102633;170
566;Chels;Wilder;27920285338;386
567;Sarah;Holman;96805171277;190
568;Miche;Stephens;82816518497;556
569;Lisa ;Levy;10366657391;61
570;Rache;Woodard;90039812344;686
571;Allen;Simon;16580838381;468
572;Roger;Porter;16577528686;260
573;Danie;Norman;33386534017;624
574;Kaitl;Hebert;36381548197;202
575;Heath;Wade;75261451165;277
576;Melis;Reilly;54614157043;277
577;Steve;Gentry;84141826113;918
578;Lisa ;Ayers;92089573803;675
579;Ronal;Rose;79224766109;19
580;Ashle;Harris;93624630450;318
581;Maria;Sears;94570302913;951
582;Alex ;Colon;82534170033;572
583;Calvi;Petty;10797807810;139
584;Zacha;Parks;97984860031;913
585;Shaun;England;95860108775;343
586;Nina ;Avila;86138840642;360
587;Eliza;Cantu;11806226498;494
588;Mary ;Bates;90307729304;525
589;Lori ;Johnston;91099089243;41
590;Danie;Decker;16017049735;254
591;Samue;Carver;61951850108;194
592;Erica;Reilly;92716912902;403
593;Richa;Wells;55255584837;966
594;Ronni;Knowles;44194246516;843
595;Kevin;Landry;43834039164;745
596;Sharo;Carey;24638485656;62
597;Micha;Guerra;37080504504;58
598;Kenne;Aguilar;91118895574;572
599;Cathe;Merrill;74121934900;922
600;Emily;Gould;39968782052;162
601;Brian;Dyer;79222243174;423
602;Kelly;Snyder;44366778228;455
603;Lori ;Vincent;59851584128;394
604;Josep;Collins;58172573221;107
605;Jonat;Stuart;84453323009;694
606;Regin;Church;58461188321;510
607;Tiffa;Meyer;86067980381;179
608;Andre;Vinson;35331856444;342
609;Natha;Ware;26304013696;966
610;Allis;Levine;45197041224;404
611;Micha;Gardner;85033674261;57
612;Micha;Ortega;52618113450;182
613;Lawre;Mcguire;32566533692;191
614;Betty;Maxwell;22032768604;921
615;Heath;Cotton;61387633999;84
616;Kenne;Hicks;93352161189;46
617;Trist;Sanders;52504613056;315
618;Lisa ;Mayer;95332475269;920
619;Benja;Floyd;84975040968;763
620;Corey;Green;88248399129;632
621;Jenni;Lott;30685605394;744
622;Eric ;Herman;84496009325;147
623;Justi;Rush;36748756529;136
624;Desti;Carlson;89768131811;802
625;Brian;Hewitt;61651145922;615
626;Lacey;Jarvis;11793177516;11
627;Erin ;Chan;97769251474;994
628;Jerem;Melton;23159316861;531
629;Rober;Ochoa;62874498015;742
630;Tamar;Richardson;99714698788;642
631;Emily;Lara;95265074651;927
632;Sarah;Cortez;72038275770;515
633;Miche;Rosales;33778159291;554
634;Willi;Foley;39385845252;50
635;Anne ;Ramirez;62924098685;341
636;Taylo;Wilcox;25894913084;559
637;Melis;Cook;34513365284;332
638;Randa;Dickerson;37602323958;531
639;Micha;Wong;96215701597;983
640;David;Herrera;61571711452;111
641;Susan;Ortega;94884970998;834
642;Travi;Crosby;73386233370;947
643;Chris;Rosales;22221237788;474
644;Miche;Hurley;80231384584;730
645;Julie;Miller;80086846923;294
646;Teres;Campbell;78060646379;687
647;Lisa ;Melendez;53218137061;234
648;Brian;Schwartz;12754892940;91
649;Nancy;Gamble;11857823070;587
650;Susan;Drake;79958201248;506
651;Mered;Mayer;84157943572;678
652;Chery;Hebert;82066552415;817
653;Micha;Fletcher;13771460046;501
654;Thoma;Hutchinson;46709899261;481
655;Allis;Diaz;57978348974;634
656;Sean ;Herrera;98027410200;509
657;Hanna;French;27194700112;875
658;Jessi;Fernandez;62079295772;594
659;Steve;Fry;37210197627;517
660;David;Small;26444788667;695
661;Jacqu;Gregory;89376783267;308
662;Levi ;Navarro;77693003965;227
663;Brend;Monroe;47595568958;370
664;Kyle ;Rollins;15961806115;403
665;Amand;Murphy;53446157529;445
666;Adria;Walton;31750341687;626
667;Rober;Graves;13473684237;107
668;Miche;Hill;38675368409;5
669;Sharo;Melton;73392233593;287
670;Cryst;Guthrie;52172216364;849
671;Karen;Guy;99204079845;266
672;Kent ;Webb;27724623408;50
673;Donal;Gomez;88856314394;177
674;Tonya;Erickson;13373460785;180
675;Mr. W;Miles;36161847407;708
676;Lisa ;Burris;93211390314;436
677;Mered;Duran;78722395435;711
678;Kara ;Cotton;44645657220;370
679;Willi;Burgess;64001533958;244
680;Steve;Campos;97967635306;841
681;Keith;Holmes;96510310895;526
682;Brian;Haney;48461224837;287
683;April;Terrell;61365978233;860
684;Sharo;Farmer;39922910665;13
685;Ashle;Parsons;71994407248;557
686;Adam ;Bolton;23562151827;223
687;John ;Mosley;18775425611;731
688;Steph;Terry;37064290014;326
689;Kevin;Harding;21981141262;966
690;Andre;Gentry;96569036012;837
691;Derri;Dawson;30980941120;446
692;James;Roberson;20713567931;793
693;Charl;Duke;18440227613;574
694;Brian;Gates;88817598425;972
695;Debbi;Buck;50549027331;444
696;Logan;Weeks;74463394318;110
697;Ethan;Osborne;91792540956;876
698;Conni;Barlow;69855004737;229
699;Melis;Baldwin;75733055890;663
700;Nicol;Gallagher;64785602436;705
701;Rache;Duffy;67582185374;694
702;Mitch;House;78399213181;837
703;John ;Garrett;66295593248;43
704;Clare;Shepherd;21715348621;304
705;Linda;Diaz;42326390227;4
706;Laure;Farley;72827695589;410
707;Brian;Gilliam;97449987324;663
708;Andre;Bush;88852170181;841
709;Chery;Simpson;73530203439;938
710;Chris;Nieves;62095829664;406
711;Ronal;Stanley;24671848686;248
712;Hecto;Zamora;66596315830;307
713;Luis ;Ruiz;80203380443;606
714;Paul ;Parsons;87187668171;561
715;John ;Chan;26517538421;113
716;Shawn;Joseph;26356802119;674
717;Mark ;Roy;27279506963;246
718;Miche;Bird;54712232609;947
719;Rebec;Obrien;41093250488;540
720;Jorge;Briggs;95551892072;127
721;Danie;Becker;79235385712;559
722;James;Mcgowan;56190306496;400
723;Rober;Curry;33840197584;568
724;Jonat;Walters;27474384109;377
725;Judit;Lindsey;49646145131;19
726;Todd ;Holland;41586648905;749
727;Micha;Jensen;13071890369;696
728;Britt;Ellis;27726545246;112
729;Jorda;Houston;19098515484;46
730;Katel;Hardin;30493198961;638
731;Vanes;England;35203104815;220
732;Brend;Robinson;56178166530;26
733;Mrs. ;Miller;49180158691;433
734;Rebec;Ware;54206240338;163
735;Tyler;Mcgowan;15464842193;169
736;Amy H;Harris;77764687916;315
737;Mark ;Holt;31910649416;195
738;Pamel;Fuller;78043458369;621
739;Alici;Hooper;34278031411;227
740;Todd ;Hampton;44320424664;963
741;Scott;Bolton;39680933130;422
742;Luke ;Wright;74847996641;24
743;Eliza;Thompson;54014544866;9
744;Chris;Moss;73110836650;958
745;Bryan;Carney;31787251055;206
746;Blake;Rodriquez;47085710242;593
747;Rober;Waller;84912223509;524
748;Chris;Guerrero;38873301058;538
749;Jeffr;Wolfe;20763070414;945
750;Brand;Mcdowell;71898024238;430
751;Melis;Bishop;17193061816;776
752;Valer;Lott;81368710088;25
753;Grego;Fletcher;57399670306;52
754;Alec ;Dickerson;59054520301;876
755;Anita;Thompson;46484260968;125
756;Kenne;Patel;16427204506;853
757;Bryan;Wiggins;88073386691;709
758;David;Rios;31254346567;872
759;Krist;Gibbs;15931537566;516
760;Hanna;Floyd;82225601673;46
761;Alexa;Conrad;80103532937;890
762;Krist;Maldonado;34931554835;154
763;Grace;Ward;30550559033;73
764;Chris;Lane;76047509182;383
765;Jeffr;Wooten;24285187813;987
766;Jenni;Gay;83613402127;259
767;Alexa;Fry;64814916755;971
768;Wayne;Wheeler;10650394723;255
769;Jerem;Marshall;65800201941;408
770;Bradl;Webb;18453650904;639
771;Luis ;Eaton;65876388765;651
772;Adam ;Warren;39434756327;466
773;Marga;Carr;55920999945;76
774;Melis;Duffy;96869255225;804
775;Chris;Cash;49692780540;895
776;Jerma;Phillips;61383438501;874
777;Brook;Lancaster;23982578220;64
778;Amand;Abbott;86575747323;676
779;Traci;Aguirre;31631865045;102
780;Jade ;Robbins;29650731467;522
781;Jonat;Franks;23775263474;319
782;Leon ;Ballard;12211316499;634
783;Jenni;Doyle;86489429593;919
784;Scott;Boone;97562612611;235
785;Raven;Mckee;86643590477;764
786;Tami ;Knowles;31428122368;667
787;Britt;Wilkinson;85998532738;65
788;Ashle;Jimenez;23199769620;475
789;Emily;Branch;31586379279;279
790;Britt;Young;71728383422;184
791;Jeffr;Wiley;32787954014;982
792;Jared;Whitley;56315321437;243
793;Thoma;Williams;11663921251;421
794;Angel;Warren;15373965403;524
795;Mary ;Mayer;54966106763;865
796;Tiffa;David;58839719394;470
797;Betha;Bailey;75667883527;60
798;Brian;Nielsen;75062977438;124
799;Richa;Garrett;53531285877;524
800;James;Nichols;20639549880;827
801;John ;Bryan;53372969648;409
802;Emma ;Glass;75297866527;507
803;Olivi;Lynch;62368836423;184
804;Britt;Murray;90208522520;604
805;Carol;Oconnor;87677241469;573
806;Austi;May;60546634180;439
807;John ;Norton;81891153048;643
808;Regin;Jefferson;62115970254;352
809;Debbi;Horn;37952599812;511
810;Linda;Sims;65283260032;756
811;Brand;Gaines;11731840870;464
812;Karin;Harvey;13070705028;700
813;Mary ;Moody;89219542629;908
814;Elija;Malone;71489329317;358
815;Kathr;Mcdowell;11103886681;639
816;Danie;Cameron;44965874000;452
817;Eliza;Fernandez;87816502605;329
818;Adam ;Valentine;15284064409;930
819;Melan;Watts;55892099004;884
820;Sophi;Barnes;21550609694;501
821;Peter;Kline;59263585592;129
822;Rose ;Burnett;48244703206;729
823;Jeffr;Howe;38113429624;891
824;Sara ;Goff;35042369270;849
825;Shawn;Delgado;76160440071;605
826;Hanna;Ellis;72239398365;562
827;Steve;Hernandez;29415854172;191
828;Chad ;Martin;60036972361;162
829;Chris;Sanders;82278886266;570
830;Tyler;Bullock;30273983517;389
831;Rache;Mckinney;24448660107;401
832;Steve;Haney;84647391833;96
833;Brian;Spears;52240813659;249
834;Adam ;Dixon;77806286777;513
835;Veron;Bridges;88644883447;640
836;Jessi;Brooks;54061988731;768
837;Tracy;Velazquez;37245768712;212
838;John ;Fulton;83920376549;665
839;Dylan;Shaffer;81238930659;290
840;Cryst;Alford;27787139857;213
841;Tanya;Chen;78558308572;89
842;Luis ;Potts;75841262249;334
843;Melis;Head;26014542037;329
844;Jessi;Baird;60020012987;912
845;Jeffe;Hendrix;15770426323;460
846;Melan;Valencia;24925816579;938
847;Olivi;Kane;66868000280;570
848;Jessi;Figueroa;85380419219;369
849;Chris;Chavez;11956971778;126
850;Arian;Stanton;68278882395;525
851;Jodi ;Lynch;43274313277;821
852;Cindy;Burch;29243727380;601
853;Eilee;Maldonado;21054258478;540
854;David;Thomas;16831176574;385
855;Julia;Watkins;63744956969;468
856;Rober;Kim;96222085092;244
857;Anton;Erickson;60857916480;827
858;Miche;Hutchinson;14437635873;639
859;John ;Sweet;14776300204;815
860;Jason;Murphy;29353247917;255
861;Britt;Hendricks;75038860443;541
862;John ;Hendrix;12195189348;117
863;Natas;Munoz;92091260875;574
864;Diana;Stuart;37012470066;156
865;Marga;Kidd;82275010318;29
866;Mr. B;Kelly;97861159091;65
867;Jeffr;Chase;77150212053;685
868;Ashle;Roberson;72605822096;114
869;Angel;Solomon;52230526217;717
870;Joshu;Cantu;47582285243;139
871;Jenni;Marks;63360941673;735
872;Eliza;Chang;36592353832;933
873;Matth;Jacobson;90204272488;271
874;Steve;Williamson;27121718231;950
875;Ashle;Henry;57050420217;166
876;Dr. A;Jennings;73004621213;584
877;Jorge;Gould;83120983591;597
878;Louis;Stuart;34457993818;696
879;Jose ;Gay;24061353671;592
880;Ricar;Randall;94813598162;763
881;Amy M;Green;80449715003;101
882;Patri;Daniels;24317879253;888
883;James;Bauer;26085723000;212
884;Kim C;Clayton;64260460519;768
885;Terri;Calhoun;23432947673;179
886;Melis;Warner;39904315106;297
887;Lisa ;Guy;87716513496;342
888;Miss ;Moody;25544840799;661
889;Denni;Emerson;14781875698;365
890;Laura;Ellis;12010192301;469
891;Todd ;Heath;17370611440;879
892;Dr. J;Berry;60729814383;229
893;Alexa;Hudson;11020735316;140
894;James;Dawson;66050130388;142
895;Brand;Dejesus;82331386491;445
896;Cynth;Hobbs;96722256704;633
897;James;Guzman;78901169613;342
898;Diana;Sherman;26519374797;731
899;Kimbe;Tillman;97456075789;500
900;Andre;Butler;86644777889;594
901;Keith;Kaufman;96476673280;30
902;Chris;Mason;70522431233;185
903;Megan;Page;15147108421;351
904;Chloe;Valencia;58459981031;930
905;Nicol;Decker;44516292338;87
906;Jenni;Joyner;35614900784;980
907;Tony ;Flowers;27792053388;176
908;Camer;Pierce;25776893435;960
909;Austi;Vaughan;52329815149;951
910;Allen;Miller;30784261584;307
911;Angel;Andrews;46156442780;855
912;Dana ;Mcneil;78802819958;102
913;Melis;Wade;30710268832;675
914;Chris;Sharp;52457841120;333
915;Taylo;Kinney;56156874846;363
916;Melis;Sutton;46773042368;102
917;Lynn ;Carver;39296271140;331
918;Luis ;Mendoza;34023125592;636
919;James;Romero;61954159720;201
920;Jenni;Hahn;44046141752;786
921;Joshu;Moore;89554519436;502
922;Jeffe;Kennedy;52552819408;249
923;Micha;Oneal;34296538614;53
924;Angel;Alvarez;71826486738;809
925;Cynth;Trevino;39264580222;183
926;Richa;Lloyd;64817932237;344
927;Bradl;Christensen;93422700377;476
928;Melis;Conner;32289043265;876
929;Lisa ;Figueroa;57300740893;279
930;Rober;Dixon;68683268738;475
931;Jenni;Howard;21093204572;588
932;Derri;Le;55149187047;468
933;Kelly;Hooper;88068447319;40
934;John ;Savage;95829716612;504
935;Micha;Poole;67399851157;157
936;Jessi;Frost;48042920396;69
937;Bobby;Faulkner;83968499670;478
938;Chris;Arnold;89210040325;976
939;Micha;Winters;78218886306;152
940;John ;Dickerson;65753951191;863
941;Mrs. ;Riley;20777017473;871
942;Donna;Norman;98355779858;306
943;Court;Chavez;20837739807;919
944;Chris;Ballard;47816492265;803
945;Valer;Odom;38985779141;24
946;James;Green;30731620984;717
947;David;Powell;15420513307;678
948;Jeffr;Walter;96336901455;313
949;Mark ;Roy;79412688840;835
950;Pamel;Velasquez;15324253345;335
951;Micha;Banks;23923027139;692
952;Carl ;Mcclure;64151202741;15
953;Alan ;Sanford;74137626213;756
954;Ryan ;Bird;62164894434;680
955;Chels;Vargas;48837671123;3
956;Miche;Cunningham;60697518211;711
957;Sara ;Lopez;23223639492;803
958;Grego;Wells;61397608173;185
959;Camer;Velez;20053169171;867
960;Adam ;Cochran;80416640161;661
961;Allen;Donovan;72895600858;749
962;Edwin;Mcbride;56571536608;761
963;Ryan ;Browning;99470066476;970
964;Emma ;Valencia;13312121064;365
965;Chris;Mcdaniel;38049486895;47
966;Dylan;Robles;29253158236;873
967;Melis;Howell;56231727973;884
968;Faith;Burton;45683882561;746
969;Jerry;Jones;26935852357;736
970;Keith;Wilson;59285745979;286
971;Sue E;Porter;22446459804;866
972;Rebec;Warren;69780379278;92
973;Danie;Young;65689306265;733
974;Rhond;Beard;67599303144;740
975;Bruce;Michael;65751833007;118
976;Carlo;Waters;19019328041;755
977;Jessi;Oneal;76894983285;846
978;Peter;Juarez;29942515888;569
979;Cassa;Harper;52108034625;699
980;Jason;Lopez;12762877494;477
981;Mary ;Hughes;25095976528;418
982;Dale ;Rojas;47380159057;358
983;Chris;Brown;65177736566;756
984;Latoy;Adkins;32991547039;277
985;Nicho;Suarez;80463640672;300
986;Richa;Hunter;45642451529;338
987;Zacha;Walton;47481383538;966
988;Sarah;Walker;59513036039;403
989;David;Macias;67553952740;45
990;Kelly;Blankenship;63503398404;261
991;Carol;Trujillo;55594588119;969
992;Chris;Hale;81878267581;112
993;Adam ;Erickson;16349007752;370
994;There;Prince;97011569880;768
995;Jessi;Carey;70945188715;254
996;Krist;Fowler;34809910273;540
997;John ;Wilkinson;37650319309;64
998;Kevin;Goodman;56423054722;376
999;Micha;Mayer;84841561233;731
1000;Richa;Preston;69161056242;507
